"","diNT","Freq","Rho","Z"
"1","aa",353.987654320988,0.967649615630138,-0.774431436554276
"2","ac",585.251028806584,1.06566554441817,2.06198858366072
"3","ag",487.049382716049,0.939854245019479,-1.81268457528172
"4","at",390.407407407407,1.0169942125579,0.419799983077063
"5","ca",672.395061728395,1.2243251538993,7.04466338446541
"6","cc",822.308641975309,0.997210537353307,-0.117245091386417
"7","cg",577.662551440329,0.742309975868431,-10.1805531383379
"8","ct",655.798353909465,1.13791147715685,4.46424500248444
"9","ga",493.995884773663,0.953257744765265,-1.40872619226183
"10","gc",731.942386831276,0.940586654641005,-2.34643529315727
"11","gg",853.41975308642,1.16229457481844,6.15342553906535
"12","gt",495.518518518519,0.911109606353794,-2.76156816858542
"13","ta",296.144032921811,0.771343620207205,-5.64454994157588
"14","tc",589.456790123457,1.02281119000989,0.738064636209364
"15","tg",655.938271604938,1.20611893100109,6.40321045978335
"16","tt",365.617283950617,0.907367572768688,-2.35667471554317
