"","diNT","Freq","Rho","Z"
"1","aa",1824.84292035398,0.906432806680372,-6.82775480336585
"2","ac",837.170353982301,0.943058003704095,-2.39143470780924
"3","ag",1034.75442477876,1.03662607905352,1.64794973146611
"4","at",1633.17256637168,1.14124377352894,8.00882897190384
"5","ca",1174.58407079646,1.32299437399422,13.5677580615006
"6","cc",369.086283185841,0.937884000919064,-1.50374630395738
"7","cg",166.230088495575,0.377245089033379,-16.1261953771842
"8","ct",641.442477876106,1.01933907137556,0.630178931493942
"9","ga",1167.86061946903,1.1698372512167,7.64056002038997
"10","gc",352.615044247788,0.800675944116971,-5.16125030372157
"11","gg",575.026548672566,1.1608781436364,4.46114049896828
"12","gt",548.530973451327,0.772768094844966,-7.95082303913256
"13","ta",1162.58628318584,0.811608041239539,-10.6694557060846
"14","tc",792.53982300885,1.25902717730349,8.44471209110934
"15","tg",867.995575221239,1.22386803374822,7.81064573596991
"16","tt",966.929203539823,0.947895360706198,-2.28304582100582
