"","diNT","Freq","Rho","Z"
"1","aa",39.1918604651163,1.14635490986558,1.11443657318698
"2","ac",31.796511627907,0.880068250718959,-0.946973295758647
"3","ag",36.4738372093023,1.11879635915325,0.879442155563315
"4","at",40.2470930232558,0.902911962036388,-0.887189841959038
"5","ca",38.9970930232558,1.07985899355874,0.631116797712747
"6","cc",37.546511627907,0.983963771517036,-0.131836218498466
"7","cg",19.2325581395349,0.558564891281242,-3.38480511578425
"8","ct",60.2383720930233,1.27964885094138,2.64978721028757
"9","ga",38.8546511627907,1.19209219298266,1.41989422588478
"10","gc",28.1511627906977,0.817724677205375,-1.39800335567469
"11","gg",38.625,1.24223893220884,1.73785175279902
"12","gt",34.5552325581395,0.812837444197704,-1.65776149781562
"13","ta",29.6686046511628,0.665495452064257,-3.05660850607765
"14","tc",58.5290697674419,1.2435782192267,2.30689469700175
"15","tg",46.5232558139535,1.09466328258428,0.838247026619346
"16","tt",57.5232558139535,0.989736273541385,-0.111728745699313
