"","diNT","Freq","Rho","Z"
"1","aa",126.499653659663,0.945682112491945,-0.962922269789366
"2","ac",73.8984068344493,1.05251779076713,0.619779608871297
"3","ag",73.80143154006,0.992536829290821,-0.0843053558863064
"4","at",124.624797968137,1.0354478739861,0.581037718671737
"5","ca",90.6751327637959,1.29405188369373,3.34799312825092
"6","cc",31.80143154006,0.868087398061937,-0.980378286529176
"7","cg",26.3068575386747,0.674101632332274,-2.48294620865918
"8","ct",59.0676518125144,0.938656092392167,-0.637496108645661
"9","ga",83.6661279150312,1.12370560000296,1.47286591325134
"10","gc",47.9935349803741,1.23884997298748,1.80164520799938
"11","gg",37.9946894481644,0.920977603839225,-0.634212486341093
"12","gt",51.4366197183099,0.770613500113731,-2.50551008930828
"13","ta",96.4728700069268,0.800631742086184,-3.20896934818199
"14","tc",55.1339182636804,0.876796593201789,-1.29336407345286
"15","tg",83.5603786654352,1.25106447371735,2.73173434195562
"16","tt",123.925190487185,1.14618358910822,2.14583691137485
