"","diNT","Freq","Rho","Z"
"1","aa",209.483870967742,1.1803025465819,3.4573614412587
"2","ac",120.406451612903,1.12522115838977,1.73166306121895
"3","ag",133.354838709677,0.946689327551507,-0.879505465121951
"4","at",129,0.776288917481901,-4.10547242958199
"5","ca",126.503225806452,1.18505747660021,2.55525257929661
"6","cc",88.4129032258064,1.37683593325438,3.74237478538664
"7","cg",21.8129032258065,0.257936593605117,-8.76781838484979
"8","ct",119.6,1.19404977138687,2.55429093676688
"9","ga",102.664516129032,0.729441831431062,-4.45111466330804
"10","gc",97.4129032258064,1.14557905406962,1.7138098173868
"11","gg",136.922580645161,1.21891427131437,3.07738172791019
"12","gt",132.916129032258,1.00581900271825,0.0925899884150476
"13","ta",153.096774193548,0.918932507015209,-1.4802895288005
"14","tc",50.0064516129032,0.501787875837387,-6.564256976435
"15","tg",178.774193548387,1.35305735185559,5.54548500485285
"16","tt",171.922580645161,1.10359230290882,1.81638188351528
