"","diNT","Freq","Rho","Z"
"1","aa",51.1089743589744,1.18913042067942,1.4595880779214
"2","ac",143.99358974359,1.14018693876788,2.2588519819396
"3","ag",58.7628205128205,0.681314673692118,-3.82713151922862
"4","at",44.8397435897436,1.04649154944085,0.35892080398367
"5","ca",115.75641025641,0.916770754081167,-1.34234130040789
"6","cc",402.397435897436,1.08258702676011,2.78271616291979
"7","cg",268.51282051282,1.0579259466459,1.45275983479858
"8","ct",90.599358974359,0.718705101444933,-4.53251174276948
"9","ga",92.9455128205128,1.07688910695771,0.923222043184736
"10","gc",218.708333333333,0.861773785528183,-3.4684924898015
"11","gg",195.916666666667,1.12930356844899,2.41620254926613
"12","gt",92.0320512820513,1.06824993031928,0.819540127382284
"13","ta",37.9903846153846,0.886777957694339,-0.873167842395889
"14","tc",112.913461538462,0.895822166984804,-1.67878525369956
"15","tg",76.5641025641026,0.888714064586916,-1.33629467489228
"16","tt",70.8621794871795,1.65491501287586,5.04635405447359
