"","diNT","Freq","Rho","Z"
"1","aa",233.123222748815,1.0579666859687,1.52314112817814
"2","ac",148.037914691943,1.09859379477508,1.78217960449743
"3","ag",109.549763033175,0.880571276875112,-2.0025664993079
"4","at",132.052132701422,0.910756169976511,-1.61977263401186
"5","ca",180.473933649289,1.31688004575706,5.65495399868455
"6","cc",74.7962085308057,0.87395823610709,-1.5779327506639
"7","cg",22.4644549763033,0.294205425086651,-8.305366398498
"8","ct",104.710900473934,1.23990005044013,3.02456369966685
"9","ga",120.0663507109,0.957267349017803,-0.731083947684581
"10","gc",72.0568720379147,0.940934747198486,-0.689912508210036
"11","gg",93.4502369668246,1.40014343778505,4.38372099431592
"12","gt",59.218009478673,0.770380207949139,-2.74796409888187
"13","ta",88.2843601895735,0.625493154457768,-6.76300758974491
"14","tc",87.5781990521327,1.01563855316963,0.200229648232183
"15","tg",120.127962085308,1.53485748083503,6.37950700876489
"16","tt",96.6919431279621,1.12540583218269,1.55702814534173
