"","diNT","Freq","Rho","Z"
"1","aa",70.2919463087248,1.10206791527827,1.10969569336467
"2","ac",53.7785234899329,0.844317123767541,-1.69063331331597
"3","ag",56.2315436241611,1.05339837666472,0.516704899813973
"4","at",59.5302013422819,0.996507885579727,-0.0361921513021948
"5","ca",71.9362416107383,1.12966382526053,1.40810952530306
"6","cc",73.986577181208,1.16347801088718,1.77411127407339
"7","cg",26.1073825503356,0.489821134853314,-4.92861673467586
"8","ct",68.4261744966443,1.14713670293325,1.53019473221996
"9","ga",51.7684563758389,0.970053280099304,-0.290815281703299
"10","gc",41.4295302013423,0.777128521039065,-2.15224243884758
"11","gg",75.3724832214765,1.68674190677171,5.90353250986811
"12","gt",33.0503355704698,0.660941326749103,-3.13670591308705
"13","ta",45.8624161073826,0.767783608389921,-2.41717167861038
"14","tc",71.3221476510067,1.19574863654216,2.03525657464632
"15","tg",43.8456375838926,0.877030287091897,-1.13820827072794
"16","tt",64.5771812080537,1.15421455379243,1.53533186753584
