"","diNT","Freq","Rho","Z"
"1","aa",36.787072243346,1.24295103198942,1.64341723609102
"2","ac",40.7642585551331,0.97418011269596,-0.217142422723358
"3","ag",24.5019011406844,0.788685141872541,-1.47967750651905
"4","at",46.6653992395437,0.991195787608737,-0.0807433908781108
"5","ca",54.4790874524715,1.30252415471372,2.58201931691198
"6","cc",62.8555133079848,1.06485599656579,0.69381521443473
"7","cg",22.4600760456274,0.512239561581028,-4.28394862458019
"8","ct",71.6235741444867,1.07750728238349,0.903166167150189
"9","ga",28.1254752851711,0.906350740841348,-0.660295593382945
"10","gc",30.7984790874525,0.70293153105854,-2.61094765885891
"11","gg",50.5133079847909,1.55197100084713,3.98119893692328
"12","gt",47.6273764258555,0.965387264972673,-0.332967886618768
"13","ta",30.4372623574144,0.645985737085141,-3.28133490192762
"14","tc",76.9695817490494,1.15787456671293,1.83890405812697
"15","tg",58.638783269962,1.18836633677732,1.79895833180984
"16","tt",72.0228136882129,0.962241629552953,-0.477581660594181
