"","diNT","Freq","Rho","Z"
"1","aa",1125.81446111869,1.00461569816923,0.232619027371101
"2","ac",690.709413369714,1.00081749247789,0.0283373174485781
"3","ag",869.452251023192,1.019174158557,0.792779474067892
"4","at",689.735334242838,0.969377576489281,-1.12551820714368
"5","ca",882.122100954979,1.27812359167901,10.0261762346838
"6","cc",469.336289222374,1.10400874528588,2.69704440075291
"7","cg",219.62346521146,0.417965674758657,-17.3101756675805
"8","ct",508.019781718963,1.15924358205752,4.2097039799754
"9","ga",957.403819918145,1.12228063661307,5.056598121488
"10","gc",448.801500682128,0.854115461422985,-4.33837191719735
"11","gg",720.697817189632,1.10966283726154,3.74018868934485
"12","gt",442.163710777626,0.816319304040297,-5.57068462727538
"13","ta",409.56070941337,0.575558094192369,-15.5995747190726
"14","tc",470.295361527967,1.07316702061862,1.93422671269901
"15","tg",760.06275579809,1.40318398374825,12.2249666675377
"16","tt",503.831514324693,1.11436779624864,3.0838146635453
