"","diNT","Freq","Rho","Z"
"1","aa",37.1066556428276,0.824352042469722,-2.35520787344415
"2","ac",49.5279040926002,1.27340240421549,3.05175462819595
"3","ag",36.2033898305085,0.973732544096185,-0.201365668916736
"4","at",33.6825134353038,0.973417500813065,-0.268114012304315
"5","ca",57.3340223232741,1.4781686561679,5.32692464629429
"6","cc",32.3116990491939,0.922681166229527,-0.736878827968886
"7","cg",20.8610996279454,0.679379487134902,-3.0165713221969
"8","ct",22.9561802397685,0.765533417587828,-2.10347677706697
"9","ga",34.0425795783382,0.924057214003452,-0.747647180512382
"10","gc",27.2079371641174,0.873758060383075,-1.20096072518513
"11","gg",28.6572964034725,0.956565568718847,-0.389445574655117
"12","gt",35.4605208763952,1.29138452296236,2.51963105708259
"13","ta",27.5861926415874,0.787251454712903,-2.19080509824901
"14","tc",24.5787515502274,0.84862362467647,-1.42628275661285
"15","tg",39.5998346424142,1.42937830900534,3.75500065233713
"16","tt",26.1310458867301,0.997998326792223,-0.0136891279407517
