"","diNT","Freq","Rho","Z"
"1","aa",363.550724637681,1.01076227463954,0.25594630235297
"2","ac",573.171497584541,1.04534142518692,1.42399240667021
"3","ag",499.123188405797,0.974309025590276,-0.769304189340352
"4","at",364.850241545894,0.957543901272394,-1.04485493903459
"5","ca",644.898550724638,1.17614252843905,5.53308061192662
"6","cc",859.413043478261,1.02807777682476,1.16777598166704
"7","cg",570.794685990338,0.730800012693192,-10.6726478127507
"8","ct",671.188405797101,1.15546821626866,5.06700585417572
"9","ga",497.444444444444,0.971034352932873,-0.86719727833806
"10","gc",737.751207729469,0.944600128209089,-2.19666862664246
"11","gg",825.864734299517,1.13171031425881,4.97713209673575
"12","gt",505.086956521739,0.930634354202723,-2.15449837750424
"13","ta",294.850241545894,0.773790079804177,-5.56630620499323
"14","tc",576.243961352657,0.992033204374395,-0.259889761323783
"15","tg",670.009661835749,1.23452103842267,7.28402513875943
"16","tt",368.374396135266,0.910223233257344,-2.29321406077481
