"","diNT","Freq","Rho","Z"
"1","aa",151.471093302805,1.05723587722308,1.01110559148094
"2","ac",75.1772389030546,0.912124643393971,-1.06940864137597
"3","ag",92.5237550085861,0.875148402024532,-1.78342165377072
"4","at",129.916272050788,1.10848407937447,1.65879379097899
"5","ca",112.931518967581,1.37081359083362,4.52239784970082
"6","cc",52.2266742987979,1.10227929563967,0.858875067481953
"7","cg",23.8013217463704,0.391408324546322,-6.02168971105265
"8","ct",68.7773325701202,1.01970972260077,0.210820746067878
"9","ga",102.483009835042,0.969420758817028,-0.437671524085611
"10","gc",53.4311286881407,0.878962032142013,-1.20150019485952
"11","gg",98.2871415933809,1.25895816419108,2.99742840293987
"12","gt",76.3492740802415,0.88221672598283,-1.46159509553151
"13","ta",80.3953270541708,0.685787479229604,-4.80449500090157
"14","tc",77.5897902898475,1.15027731616035,1.59469452470028
"15","tg",117.030389759067,1.352430862558,4.36966891660896
"16","tt",92.5838060050996,0.964568577892485,-0.467798474483689
