"","diNT","Freq","Rho","Z"
"1","aa",154.829179646937,1.03418289214396,0.621827512874815
"2","ac",87.6939252336449,0.969569475205327,-0.394370350218725
"3","ag",91.9080996884735,0.870948523761592,-1.8448052963329
"4","at",123.069055036345,1.10332300137549,1.53191298927526
"5","ca",114.415109034268,1.26487698368927,3.43265056777871
"6","cc",64.8592938733126,1.18717365101555,1.72423225871316
"7","cg",22.9322429906542,0.359598701107604,-6.51317409788308
"8","ct",74.2107995846314,1.10136131843073,1.06897546724746
"9","ga",107.978712357217,1.02314953648729,0.331089088071358
"10","gc",62.3559190031153,0.978069663611451,-0.223488481006579
"11","gg",95.8307372793354,1.28804143575677,3.23153011077564
"12","gt",55.4602803738318,0.705360965170645,-3.42808621824402
"13","ta",79.3603322949117,0.71148742490325,-4.27545503145142
"14","tc",61.5129802699896,0.912849267012753,-0.918824573319117
"15","tg",111.876687435099,1.42300932160224,4.92097741885972
"16","tt",88.1609553478712,1.06058585034823,0.731335875513858
