"","diNT","Freq","Rho","Z"
"1","aa",50.8401937046005,0.920355434325247,-0.828436839757476
"2","ac",55.2881355932203,1.18680669362519,1.71116545985543
"3","ag",44.2300242130751,0.839005141501553,-1.59912809394955
"4","at",52.5932203389831,1.08895929694255,0.834843592012
"5","ca",68.3462469733656,1.46712802832428,4.2740595588824
"6","cc",43.0774818401937,1.09534548410148,0.768898370918335
"7","cg",26.9152542372881,0.603927724709843,-3.50329390169368
"8","ct",32.7966101694915,0.804559165377504,-1.62851392300906
"9","ga",43.365617433414,0.822397899544987,-1.76070831457498
"10","gc",41.8111380145278,0.939254847321649,-0.533608537682417
"11","gg",54.7215496368039,1.08640488748319,0.828865095052038
"12","gt",53.8111380145278,1.16711917712857,1.51680844548419
"13","ta",40.3995157384988,0.836852574509818,-1.52982737337317
"14","tc",31.3728813559322,0.770123793635574,-1.91956096748843
"15","tg",68.0242130750605,1.47680033465787,4.31983830309265
"16","tt",37.6876513317191,0.887532636374286,-0.958238630002453
