"","diNT","Freq","Rho","Z"
"1","aa",596.782608695652,0.91093716367776,-3.41303108217771
"2","ac",477.710144927536,1.09489593290618,2.76007511927604
"3","ag",436.971014492754,1.02064871157858,0.59168828322873
"4","at",518.31884057971,1.00649598869389,0.209298022613612
"5","ca",606.753623188406,1.39061980426389,11.3643865828091
"6","cc",330.768115942029,1.13716015978374,3.02540031229276
"7","cg",73.6086956521739,0.257419628163299,-16.1891182440442
"8","ct",344.623188405797,1.00449696454,0.112482795104143
"9","ga",410.840579710145,0.959091742459799,-1.1719946006033
"10","gc",248.04347826087,0.869244464344923,-2.85277136754746
"11","gg",338.36231884058,1.20781181560936,4.4734185813788
"12","gt",335.739130434783,0.99705900735279,-0.0717230420512711
"13","ta",418.101449275362,0.8114527517616,-6.09966277520181
"14","tc",298.608695652174,0.870303966871719,-3.18881354493057
"15","tg",482.347826086957,1.43271452233452,10.5052819210409
"16","tt",403.231884057971,0.995516293622934,-0.125982924894732
