"","diNT","Freq","Rho","Z"
"1","aa",977.046875,1.00637650990889,0.265880360938231
"2","ac",632.21875,0.987482164850295,-0.435093702080218
"3","ag",856.9765625,1.03979773839355,1.60412478396707
"4","at",667.84375,0.957155954010896,-1.56675462708316
"5","ca",823.65234375,1.28650833702004,9.92181579055697
"6","cc",519.9609375,1.21851858471753,5.7615406427857
"7","cg",205.45703125,0.378342356871723,-19.183995496162
"8","ct",512.56640625,1.13281794652084,3.63850479856488
"9","ga",947.21875,1.14865558776232,6.02083262309675
"10","gc",432.11328125,0.795770407378316,-6.30283890991912
"11","gg",791.38671875,1.13162332664796,4.73740948581918
"12","gt",489.625,0.825526082844215,-5.64482447924215
"13","ta",387.3359375,0.550909473593114,-16.1960093834646
"14","tc",477.125,1.05448558293769,1.49273598875567
"15","tg",805.21484375,1.36460782581903,11.6461139854362
"16","tt",591.73046875,1.14472131875981,4.23759412295941
