"","diNT","Freq","Rho","Z"
"1","aa",241,1.0020826950112,0.0484207874015161
"2","ac",158.564102564103,1.00187151243188,0.0340794136786289
"3","ag",185.307692307692,1.17683018864201,3.03576636392424
"4","at",164.179487179487,0.852126296124549,-2.89620266278705
"5","ca",198.051282051282,1.25156863647385,4.33510241387285
"6","cc",139.128205128205,1.33649141014408,4.35814930881654
"7","cg",23.6410256410256,0.227973664946733,-9.98168864484957
"8","ct",132.153846153846,1.04245294702593,0.627546825153314
"9","ga",131,0.83191587747348,-2.88918028820684
"10","gc",109.461538461538,1.05632239790312,0.726709692077462
"11","gg",131.179487179487,1.27089524789378,3.4946780689221
"12","gt",118.25641025641,0.937027410245072,-0.925678079661967
"13","ta",178.128205128205,0.924635568139587,-1.47667866468507
"14","tc",85.8717948717949,0.677411837088384,-4.75557837168597
"15","tg",150.615384615385,1.19360930789619,2.84499698297753
"16","tt",185.641025641026,1.20258778837397,3.39679274074202
