"","diNT","Freq","Rho","Z"
"1","aa",214.291507973046,1.09723354706584,2.061629415057
"2","ac",104.223621981333,0.923333339651671,-1.11883789260827
"3","ag",111.908466914996,0.874220015943532,-1.98871640182034
"4","at",145.645628426736,1.04579301409937,0.766134580583227
"5","ca",148.123550830787,1.31241510665592,4.56135437145382
"6","cc",67.7581299962332,1.0386942779468,0.385044711207429
"7","cg",30.3703595195245,0.409923175540456,-6.42884207437412
"8","ct",86.7177415979576,1.07738631371921,0.890942013413943
"9","ga",129.676097601808,1.01303420531587,0.206008679238848
"10","gc",74.2979952287281,1.0036870197561,0.0409782121811236
"11","gg",106.953375465618,1.27430152848222,3.23475853037858
"12","gt",65.9312769430377,0.72212392432846,-3.46335697306672
"13","ta",82.0028878751099,0.588715708148142,-6.86751490890304
"14","tc",86.7595948604194,1.07803936114187,0.897508497636983
"15","tg",128.480768425899,1.40746274892681,5.07851604894733
"16","tt",112.542962373917,1.13324885621437,1.75391374922543
