"","diNT","Freq","Rho","Z"
"1","aa",37.5334476843911,1.13335007156633,1.00739234947649
"2","ac",33.4408233276158,0.924164221607287,-0.609058186632525
"3","ag",36.8747855917667,1.1554619861388,1.14922952149117
"4","at",36.6123499142367,0.850379638854003,-1.34490873039615
"5","ca",39.5608919382504,1.09362409279373,0.741943825914761
"6","cc",39.2967409948542,0.99773371718282,-0.0215935372123432
"7","cg",18.9519725557461,0.548372307155799,-3.51682125072266
"8","ct",59.6037735849057,1.2726497004011,2.58998715983395
"9","ga",38.5591766723842,1.20860095969737,1.541147064323
"10","gc",27.8250428816467,0.798905817778406,-1.56959919723799
"11","gg",37.3413379073756,1.20668112407965,1.48445357708591
"12","gt",34.6998284734134,0.835576551545598,-1.44644207133822
"13","ta",27.7924528301887,0.644510421918798,-3.19457097973879
"14","tc",56.8662092624357,1.21940743988494,2.073759976314
"15","tg",46.2418524871355,1.10843092542687,0.960377111946767
"16","tt",56.9073756432247,1.01313234152387,0.154613206133358
